user_id,username,password,role,created_at
1,Derya Acar,1,customer,2014-07-05
2,Gul Bozkurt,2,customer,2013-06-06
3,Deniz Dogan,3,customer,2016-05-11
4,Seda Ozdemir,4,customer,2013-05-01
5,Zeynep Hatipoglu,5,customer,2016-06-11
6,Ali Pekcan,6,customer,2013-02-03
7,Seda Kocagoz,7,customer,2016-12-03
8,Emre Simsek,8,customer,2014-01-11
9,Mehmet Aksoy,9,customer,2016-02-11
10,Sezgin Pekcan,10,admin,2014-08-16
11,Halil Aslan,11,customer,2015-05-25
12,Ece Yildiz,12,customer,2016-09-18
13,Zeynep Kaya,13,customer,2014-09-13
14,Metin Yilmaz,14,customer,2014-03-24
15,Omer Aksu,15,customer,2015-08-20
16,Veli Koc,16,customer,2016-04-15
17,Kerim Sahin,17,customer,2015-06-10
18,Emre Ozturk,18,customer,2015-01-30
19,Merve Cetin,19,customer,2015-03-26
20,Sinan Aksu,20,admin,2015-04-24
21,Can Pekcan,21,customer,2015-03-11
22,Ferhat Bozkurt,22,customer,2014-02-15
23,Leyla Kaya,23,customer,2013-05-10
24,Murat Aybar,24,customer,2016-11-11
25,Gul Koc,25,customer,2013-12-24
26,Burak Karaca,26,customer,2014-07-20
27,Gul Demir,27,customer,2016-07-12
28,Halil Erdogan,28,customer,2014-03-20
29,Derya Korkmaz,29,customer,2013-07-23
30,Merve Erdogan,30,admin,2013-02-04
31,Metin Kaya,31,customer,2016-11-18
32,Aydin Simsek,32,customer,2016-12-05
33,Burak Kaya,33,customer,2015-07-24
34,Metin Simsek,34,customer,2013-01-15
35,Sezgin Aksu,35,customer,2014-03-14
36,Ali Turan,36,customer,2013-11-01
37,Seda Aybar,37,customer,2015-12-06
38,Mehmet Erdogan,38,customer,2014-09-27
39,Emre Hatipoglu,39,customer,2016-06-18
40,Can Aslan,40,admin,2016-01-03
41,Ahmet Hatipoglu,41,customer,2015-03-07
42,Mustafa Korkmaz,42,customer,2016-01-08
43,Emre Kaplan,43,customer,2013-09-18
44,Serkan Korkmaz,44,customer,2013-09-03
45,Zeynep Ozturk,45,customer,2015-10-04
46,Gul Turan,46,customer,2016-04-14
47,Huseyin Sahin,47,customer,2015-02-17
48,Emre Karaca,48,customer,2015-07-14
49,Deniz Erdogan,49,customer,2015-09-27
50,Zeynep Aksoy,50,admin,2013-08-12
51,Zeynep Dogan,51,customer,2016-01-07
52,Leyla Kocagoz,52,customer,2015-09-06
53,Can Sahin,53,customer,2014-06-10
54,Sezgin Kaya,54,customer,2016-11-04
